[
  {
    "baseType": 3,
    "name": "other property",
    "defaultValue": "",
    "description": "",
    "helpText": "",
    "isSystem": false,
    "minLength": 0,
    "maxLength": 20000,
    "validationRegex": "",
    "isValidate": false,
    "uuid": "7ffe362d-16d3-400e-8b56-8d94e23d3210"
  },
  {
    "baseType": 3,
    "name": "some more",
    "defaultValue": "",
    "description": "",
    "helpText": "",
    "isSystem": false,
    "minLength": 0,
    "maxLength": 20000,
    "validationRegex": "",
    "isValidate": false,
    "uuid": "df5e8a44-87fd-44b0-86b2-a1ddfc5d8a6e"
  },
  {
    "baseType": 3,
    "name": "some property",
    "defaultValue": "",
    "description": "",
    "helpText": "",
    "isSystem": false,
    "minLength": 0,
    "maxLength": 20000,
    "validationRegex": "",
    "isValidate": false,
    "uuid": "beeb1df9-7ab5-4b2e-8cce-efa252f8d38a"
  },
  {
    "baseType": 3,
    "name": "take 7",
    "defaultValue": "",
    "description": "",
    "helpText": "",
    "isSystem": false,
    "minLength": 0,
    "maxLength": 20000,
    "validationRegex": "",
    "isValidate": false,
    "uuid": "8ceb723f-ceda-4fd9-93a8-a8a291b4b1ec"
  },
  {
    "baseType": 3,
    "name": "the thing",
    "defaultValue": "",
    "description": "",
    "helpText": "",
    "isSystem": false,
    "minLength": 0,
    "maxLength": 20000,
    "validationRegex": "",
    "isValidate": false,
    "uuid": "39e153d4-8b5a-414d-9951-acef90de969d"
  }
]