{
  "integrations": [
    {
      "id": "0219ae8e-c49f-453f-9fcc-0e86e967a3f7",
      "name": "Canvas Holder - Event Status Updates",
      "action": "RUN_SCRIPT",
      "type": "OUTBOUND_WEBHOOK",
      "triggeredBy": "STATUS",
      "deployed": true,
      "form": "d047b907-91e9-40ba-90dd-99a22b2fc2fc",
      "environment": "HOSTED",
      "authType": "NONE",
      "createdBy": "FLOW"
    }
  ],
  "endpoints": [
    {
      "name": "Splunk",
      "baseUrl": "https://input-prd-p-53hk4n7nnh5h.cloud.splunk.com:8088",
      "type": "EXTERNAL",
      "authentication": "NO_AUTH"
    }
  ],
  "constants": [
    {
      "name": "Splunk HEC Token",
      "value": "6374F784-F68D-4570-A0CD-5DEC0B5038A3",
      "description": ""
    }
  ]
}