[
  {
    "id": "3926514a-3b6b-4c2f-bbf4-e9ea1e23df1a",
    "name": "Splunk HEC",
    "description": "Send data to Splunk HEC",
    "icon": "http://s3-xmatters-static.s3.amazonaws.com/null/customers/99cee7bb-651f-4a52-b7fe-3a9af00d22f9/IMAGE__20191116194501490__splunk-thumb.png",
    "script": "// Build the Splunk request object. Note the Authorization header\nvar request = http.request({ \n    \"endpoint\": \"Splunk\",\n    \"path\": \"/services/collector/event\",\n    \"method\": \"POST\",\n    'headers': {\n        'Content-Type': 'application/json',\n        'Authorization': 'Splunk ' + input['HEC Token']\n    }\n});\n\nvar eventData = ( input['eventJSON']   ? input['eventJSON']   : '' ) +\n\t\t\t\t( input['eventJSON_1'] ? input['eventJSON_1'] : '' ) +\n\t\t\t\t( input['eventJSON_2'] ? input['eventJSON_2'] : '' ) +\n\t\t\t\t( input['eventJSON_3'] ? input['eventJSON_3'] : '' ) +\n\t\t\t\t( input['eventJSON_4'] ? input['eventJSON_4'] : '' );\n\nconsole.log( 'eventData:----\\n' + eventData + '\\n-------' );\n\n// Grab the event payload\nvar eventJSON = JSON.parse( eventData );\n\n// Build the Splunk payload and mark it with the sourcetype\nvar data = {\n    \"sourcetype\": input['Source Type'],\n    \"event\":      eventJSON\n};\n\n// Fire in the hole!\nvar response = request.write( data );\n\noutput['Splunk Response'] = response.statusCode;",
    "endpointAuthType": "NO_AUTH",
    "endpointLabel": "Splunk",
    "allowedEnvironment": "BOTH",
    "accessibleByAll": "NotShared",
    "scriptStepType": "USER",
    "inputs": [
      {
        "id": "1c57d0f0-ae97-48ed-911f-64e9c3eac153",
        "name": "HEC Token",
        "helpText": "The token for authenticating into the Splunk HTTP Event Collector",
        "defaultValue": "",
        "multiline": false,
        "required": true,
        "maxLength": 2000,
        "minLength": 0,
        "position": 0
      },
      {
        "id": "97465609-72cb-44ae-81b4-54c4cb64fc1e",
        "name": "Source Type",
        "helpText": "The name of the Splunk source type for this data.",
        "defaultValue": "xmatters_events",
        "multiline": false,
        "required": true,
        "maxLength": 2000,
        "minLength": 0,
        "position": 1
      },
      {
        "id": "d7da46d6-1f90-4320-86d0-01c3419d260b",
        "name": "eventJSON",
        "helpText": "A string of the JSON response to the GET /event/UUID XMAPI call.",
        "defaultValue": "",
        "multiline": false,
        "required": false,
        "maxLength": 20000,
        "minLength": 0,
        "position": 2
      },
      {
        "id": "19f3db8f-ee96-4cf5-9ef9-87bcae9109db",
        "name": "eventJSON_1",
        "helpText": "Overflow for eventJSON",
        "defaultValue": "",
        "multiline": false,
        "required": false,
        "maxLength": 20000,
        "minLength": 0,
        "position": 3
      },
      {
        "id": "6689c2be-41a3-411d-8481-3037f15d5240",
        "name": "eventJSON_2",
        "helpText": "Overflow for eventJSON",
        "defaultValue": "",
        "multiline": false,
        "required": false,
        "maxLength": 20000,
        "minLength": 0,
        "position": 4
      },
      {
        "id": "711c7c4f-444c-42d2-a5f4-965204177cdc",
        "name": "eventJSON_3",
        "helpText": "Overflow for eventJSON",
        "defaultValue": "",
        "multiline": false,
        "required": false,
        "maxLength": 20000,
        "minLength": 0,
        "position": 5
      },
      {
        "id": "e9a1d7ee-5216-4bd3-a7fa-5f5838c9d054",
        "name": "eventJSON_4",
        "helpText": "Overflow for eventJSON",
        "defaultValue": "",
        "multiline": false,
        "required": false,
        "maxLength": 20000,
        "minLength": 0,
        "position": 6
      }
    ],
    "outputs": [
      {
        "id": "f20f978b-07d2-4540-bd51-9a98bc8a816a",
        "name": "Splunk Response",
        "position": 0
      }
    ]
  },
  {
    "id": "5bcb018b-02b4-4bf7-b232-78619e275773",
    "name": "xM - Get event details",
    "description": "Retrieve the event details via the REST api",
    "icon": "/static/images/script_steps/default-brackets.png",
    "script": "// Build the request object and grab the properties and recipients\nvar request = http.request({ \n     \"endpoint\": \"xMatters\",\n     \"path\": \"/api/xm/1/events/\" + input['eventID'] + \"?embed=properties,recipients,responseOptions,annotations\",\n     \"method\": \"GET\"\n });\n\nvar response = request.write();\n\noutput['statusCode'] = response.statusCode;\noutput['eventJSON']  = JSON.stringify( { \"message\": response.statusMessage } );\n\nif (response.statusCode == 200 ) {\n    json = JSON.parse(response.body);\n    console.log(\"Retrieved event: \" + json.eventId + \". ID = \" + json.id);\n    \n    eventJSON = JSON.parse( response.body );\n\n    // The audits endpoint has a timeline of all responses,\n    // not just the last one. \n    request = http.request({ \n        \"endpoint\": \"xMatters\",\n        \"path\": \"/api/xm/1/audits?eventId=\" + input['eventID'] + \"&auditType=RESPONSE_RECEIVED\",\n        \"method\": \"GET\"\n    });\n\n    response = request.write();\n    if( response.statusCode == 200 ){\n        eventJSON.audits = JSON.parse( response.body );\n    }\n    \n    output['eventJSON'] = JSON.stringify( eventJSON );\n}\n\n\n\n\nMAX_LENGTH = 20000; // Stream property max length\nMAX_CHUNKS = 4; // The number of outputs available\n\n// If it is longer than 20k chars we'll need to break it up\nif( output['eventJSON'].length > MAX_LENGTH ) {\n\n    var all = output['eventJSON'];\n\t// If it is longer than MAX_CHUNKS * MAX_LENGTH chars, we bail out\n\tif( output['eventJSON'].length > (MAX_CHUNKS * MAX_LENGTH) ) {\n\t\tvar errStr = \"eventJSON is \" + all.length + \" which is more than \" + (MAX_CHUNKS * MAX_LENGTH) + \". Add more outputs.\";\n\t\tconsole.log( errStr );\n\t\tthrow errStr;\n\t}\n\t\n\toutput['eventJSON'] = all.slice( 0, MAX_LENGTH );\n\n\tvar start = MAX_LENGTH;\n\tvar end   = start + MAX_LENGTH\n\tvar i = 1;\n\twhile( all.slice( start, end ) !== '' ){\n\t\toutput['eventJSON_' + i++ ] = all.slice( start, end );\n\n\t\tstart = end;\n\t\tend   = start + MAX_LENGTH;\n\t}\n}\n\n\n",
    "endpointAuthType": "XMATTERS",
    "endpointLabel": "xMatters",
    "allowedEnvironment": "HOSTED",
    "accessibleByAll": "NotShared",
    "scriptStepType": "USER",
    "inputs": [
      {
        "id": "60cf61fb-1b13-4e12-9ab1-23e2a34eccd3",
        "name": "eventID",
        "helpText": "ID or UUID of the event to retrieve",
        "defaultValue": "",
        "multiline": false,
        "required": true,
        "maxLength": 2000,
        "minLength": 0,
        "position": 0
      }
    ],
    "outputs": [
      {
        "id": "d5d56991-6e0c-4894-b9fe-d264e00e4504",
        "name": "statusCode",
        "position": 0
      },
      {
        "id": "9fc3457e-1a1a-4190-86ea-e71fcb27b269",
        "name": "eventJSON",
        "position": 1
      },
      {
        "id": "adacc200-bc06-4d13-9499-86c941c29656",
        "name": "eventJSON_1",
        "position": 2
      },
      {
        "id": "dcf19a9d-eb90-493b-84d9-9bf1997522e4",
        "name": "eventJSON_2",
        "position": 3
      },
      {
        "id": "77f9ffaa-e881-4ca0-95f5-a094b7571823",
        "name": "eventJSON_3",
        "position": 4
      },
      {
        "id": "9ef3e03a-c0e8-4c30-b8ff-73ce61764563",
        "name": "eventJSON_4",
        "position": 5
      }
    ]
  }
]