{
  "name": "Canvas Holder",
  "form": "cfc22f81-8641-4332-95fd-96a3589996b8",
  "blocks": [
    {
      "id": "5a285fda-dabd-4698-b92c-1bff19f8338b",
      "label": "Canvas Holder - Do Nothing Trigger",
      "environment": "HOSTED",
      "presentation": "{\"w\":60,\"x\":0,\"h\":60,\"y\":0}",
      "step": "4f206049-d3a6-4086-8a6b-79c9c9f8e922",
      "stepType": "INTEGRATION"
    },
    {
      "id": "f8ed5928-712d-4e27-8e53-e0a0519392ec",
      "endpoint": "Splunk",
      "label": "Splunk HEC",
      "environment": "HOSTED",
      "presentation": "{\"w\":60,\"x\":340,\"h\":60,\"y\":0}",
      "step": "35a64381-6311-4a4f-8967-5d6c5bf4848a",
      "stepType": "SCRIPT_STEP",
      "inputMappings": [
        {
          "inputPort": "input",
          "mapping": "${constants.Splunk HEC Token}",
          "stepInput": "4dc54089-899a-4200-8dac-80b2be9f0565"
        },
        {
          "inputPort": "input",
          "mapping": "xmatters_events",
          "stepInput": "365f639d-6d7b-49e4-b3e3-d7ebfde39c45"
        },
        {
          "inputPort": "input",
          "mapping": "${49023f1b-aae1-413e-b12c-d445bca6d86e.eventJSON}",
          "stepInput": "c6cd0f65-3262-4c33-bb04-868c7e754e48"
        },
        {
          "inputPort": "input",
          "mapping": "${49023f1b-aae1-413e-b12c-d445bca6d86e.eventJSON_1}",
          "stepInput": "13b4d805-0aff-4d4f-a2fc-a4d6cced6069"
        },
        {
          "inputPort": "input",
          "mapping": "${49023f1b-aae1-413e-b12c-d445bca6d86e.eventJSON_2}",
          "stepInput": "15e3fe05-8d07-49f7-be9d-001133066d5c"
        },
        {
          "inputPort": "input",
          "mapping": "${49023f1b-aae1-413e-b12c-d445bca6d86e.eventJSON_3}",
          "stepInput": "fd63a129-c078-4e84-85c1-ed6e7313b5dc"
        },
        {
          "inputPort": "input",
          "mapping": "${49023f1b-aae1-413e-b12c-d445bca6d86e.eventJSON_4}",
          "stepInput": "37836c6c-9ec3-4b96-9df2-7fab8a88c6fc"
        },
        {
          "inputPort": "input",
          "mapping": "${49023f1b-aae1-413e-b12c-d445bca6d86e.eventJSON_5}",
          "stepInput": "9a7f68a0-d781-42f1-987e-dc26a2941659"
        },
        {
          "inputPort": "input",
          "mapping": "${49023f1b-aae1-413e-b12c-d445bca6d86e.eventJSON_6}",
          "stepInput": "9d0474f1-2245-469e-8ef3-1db22464aea6"
        },
        {
          "inputPort": "input",
          "mapping": "${49023f1b-aae1-413e-b12c-d445bca6d86e.eventJSON_7}",
          "stepInput": "6f39ac30-b4da-4c3e-968b-cd31737ea20e"
        },
        {
          "inputPort": "input",
          "mapping": "${49023f1b-aae1-413e-b12c-d445bca6d86e.eventJSON_8}",
          "stepInput": "4f6d32c0-0d4f-404b-b3b9-0d715982d7f8"
        },
        {
          "inputPort": "input",
          "mapping": "${49023f1b-aae1-413e-b12c-d445bca6d86e.eventJSON_9}",
          "stepInput": "2d10394d-061b-4fc3-96bd-d15f7a73e67a"
        },
        {
          "inputPort": "input",
          "mapping": "10",
          "stepInput": "de6a1c13-f691-4b9e-b60f-315256c0c3a5"
        }
      ]
    },
    {
      "id": "49023f1b-aae1-413e-b12c-d445bca6d86e",
      "label": "xM - Get event details",
      "environment": "HOSTED",
      "presentation": "{\"w\":60,\"x\":170,\"h\":60,\"y\":0}",
      "step": "02b075d8-b7ee-4df8-8c7f-3c4d14301df8",
      "stepType": "SCRIPT_STEP",
      "inputMappings": [
        {
          "inputPort": "input",
          "mapping": "6191943357",
          "stepInput": "195faf38-7e1f-4f80-a7be-45e3b3ded9f6"
        },
        {
          "inputPort": "input",
          "mapping": "10",
          "stepInput": "108852e4-7a4b-46d7-af19-6e2f554800c2"
        }
      ]
    }
  ],
  "edges": [
    {
      "fromBlock": "49023f1b-aae1-413e-b12c-d445bca6d86e",
      "fromPort": "output",
      "toBlock": "f8ed5928-712d-4e27-8e53-e0a0519392ec",
      "toPort": "input"
    },
    {
      "fromBlock": "5a285fda-dabd-4698-b92c-1bff19f8338b",
      "fromPort": "output",
      "toBlock": "49023f1b-aae1-413e-b12c-d445bca6d86e",
      "toPort": "input"
    }
  ]
}