[
  {
    "baseType": 3,
    "name": "other property",
    "defaultValue": "",
    "description": "",
    "helpText": "",
    "isSystem": false,
    "minLength": 0,
    "maxLength": 20000,
    "validationRegex": "",
    "isValidate": false,
    "uuid": "b475f28f-f60a-4b13-b6ef-56877425dac0"
  },
  {
    "baseType": 3,
    "name": "some more",
    "defaultValue": "",
    "description": "",
    "helpText": "",
    "isSystem": false,
    "minLength": 0,
    "maxLength": 20000,
    "validationRegex": "",
    "isValidate": false,
    "uuid": "4b981f2b-cc96-4481-a7f9-19fd6a490806"
  },
  {
    "baseType": 3,
    "name": "some property",
    "defaultValue": "",
    "description": "",
    "helpText": "",
    "isSystem": false,
    "minLength": 0,
    "maxLength": 20000,
    "validationRegex": "",
    "isValidate": false,
    "uuid": "5ef88b7c-eda4-45b5-88f4-d8de5bc05fad"
  },
  {
    "baseType": 3,
    "name": "take 7",
    "defaultValue": "",
    "description": "",
    "helpText": "",
    "isSystem": false,
    "minLength": 0,
    "maxLength": 20000,
    "validationRegex": "",
    "isValidate": false,
    "uuid": "a3930220-da05-49fd-a214-ebbf56665b98"
  },
  {
    "baseType": 3,
    "name": "the thing",
    "defaultValue": "",
    "description": "",
    "helpText": "",
    "isSystem": false,
    "minLength": 0,
    "maxLength": 20000,
    "validationRegex": "",
    "isValidate": false,
    "uuid": "bba7cda2-f0a5-47e8-b5c0-d8864821290a"
  }
]