{
  "name": "Canvas Holder",
  "form": "d047b907-91e9-40ba-90dd-99a22b2fc2fc",
  "blocks": [
    {
      "id": "a6ae32f3-7584-49de-b1b1-9dc0baba4cac",
      "label": "Canvas Holder - Event Status Updates",
      "environment": "HOSTED",
      "presentation": "{\"w\":60,\"x\":0,\"h\":60,\"y\":0}",
      "step": "0219ae8e-c49f-453f-9fcc-0e86e967a3f7",
      "stepType": "INTEGRATION"
    },
    {
      "id": "9412e9ee-b954-4101-aa55-fa1ba4004c6e",
      "endpoint": "Splunk",
      "label": "Splunk HEC",
      "environment": "HOSTED",
      "presentation": "{\"w\":60,\"x\":340,\"h\":60,\"y\":0}",
      "step": "3926514a-3b6b-4c2f-bbf4-e9ea1e23df1a",
      "stepType": "SCRIPT_STEP",
      "inputMappings": [
        {
          "inputPort": "input",
          "mapping": "${constants.Splunk HEC Token}",
          "stepInput": "1c57d0f0-ae97-48ed-911f-64e9c3eac153"
        },
        {
          "inputPort": "input",
          "mapping": "xmatters_events",
          "stepInput": "97465609-72cb-44ae-81b4-54c4cb64fc1e"
        },
        {
          "inputPort": "input",
          "mapping": "${ca874057-f643-4396-bf8b-02af04468c9a.eventJSON}",
          "stepInput": "d7da46d6-1f90-4320-86d0-01c3419d260b"
        },
        {
          "inputPort": "input",
          "mapping": "${ca874057-f643-4396-bf8b-02af04468c9a.eventJSON_1}",
          "stepInput": "19f3db8f-ee96-4cf5-9ef9-87bcae9109db"
        },
        {
          "inputPort": "input",
          "mapping": "${ca874057-f643-4396-bf8b-02af04468c9a.eventJSON_2}",
          "stepInput": "6689c2be-41a3-411d-8481-3037f15d5240"
        },
        {
          "inputPort": "input",
          "mapping": "${ca874057-f643-4396-bf8b-02af04468c9a.eventJSON_3}",
          "stepInput": "711c7c4f-444c-42d2-a5f4-965204177cdc"
        },
        {
          "inputPort": "input",
          "mapping": "${ca874057-f643-4396-bf8b-02af04468c9a.eventJSON_4}",
          "stepInput": "e9a1d7ee-5216-4bd3-a7fa-5f5838c9d054"
        }
      ]
    },
    {
      "id": "ca874057-f643-4396-bf8b-02af04468c9a",
      "label": "xM - Get event details",
      "environment": "HOSTED",
      "presentation": "{\"w\":60,\"x\":170,\"h\":60,\"y\":0}",
      "step": "5bcb018b-02b4-4bf7-b232-78619e275773",
      "stepType": "SCRIPT_STEP",
      "inputMappings": [
        {
          "inputPort": "input",
          "mapping": "${event.id}",
          "stepInput": "60cf61fb-1b13-4e12-9ab1-23e2a34eccd3"
        }
      ]
    }
  ],
  "edges": [
    {
      "fromBlock": "a6ae32f3-7584-49de-b1b1-9dc0baba4cac",
      "fromPort": "output",
      "toBlock": "ca874057-f643-4396-bf8b-02af04468c9a",
      "toPort": "input"
    },
    {
      "fromBlock": "ca874057-f643-4396-bf8b-02af04468c9a",
      "fromPort": "output",
      "toBlock": "9412e9ee-b954-4101-aa55-fa1ba4004c6e",
      "toPort": "input"
    }
  ]
}