{
  "integrations": [
    {
      "id": "4f206049-d3a6-4086-8a6b-79c9c9f8e922",
      "name": "Canvas Holder - Do Nothing Trigger",
      "action": "RUN_SCRIPT",
      "type": "INBOUND_WEBHOOK",
      "deployed": true,
      "form": "cfc22f81-8641-4332-95fd-96a3589996b8",
      "environment": "HOSTED",
      "authType": "URL",
      "createdBy": "FLOW",
      "integrationScriptStepUuid": "a9e22f44-1454-42c8-9b38-087b9fd0b685"
    }
  ],
  "endpoints": [
    {
      "name": "Splunk",
      "baseUrl": "https://acme.splunk.com:8088",
      "type": "EXTERNAL",
      "authentication": "NO_AUTH"
    }
  ],
  "constants": [
    {
      "name": "Splunk HEC Token",
      "value": "TOKEN_VALUE_HERE",
      "description": ""
    }
  ]
}