[
  {
    "id": "a9e22f44-1454-42c8-9b38-087b9fd0b685",
    "name": "Do Nothing Trigger",
    "description": "Just triggers a flow",
    "icon": "/static/images/script_steps/http-trigger.png",
    "script": "//",
    "endpointLabel": "",
    "allowedEnvironment": "HOSTED",
    "accessibleByAll": "NotShared",
    "scriptStepType": "CUSTOM_HTTP",
    "inputs": [],
    "outputs": [
      {
        "id": "6a22fd33-3d17-4526-b363-00d707769e6a",
        "name": "Data",
        "description": "",
        "position": 0
      }
    ],
    "libraries": []
  },
  {
    "id": "35a64381-6311-4a4f-8967-5d6c5bf4848a",
    "name": "Splunk HEC v2",
    "description": "Send data to Splunk HEC",
    "icon": "http://s3-xmatters-static.s3.amazonaws.com/null/customers/99cee7bb-651f-4a52-b7fe-3a9af00d22f9/IMAGE__20191116194501490__splunk-thumb.png",
    "script": "// Build the Splunk request object. Note the Authorization header\nvar request = http.request({ \n    \"endpoint\": \"Splunk\",\n    \"path\": \"/services/collector/event\",\n    \"method\": \"POST\",\n    'headers': {\n        'Content-Type': 'application/json',\n        'Authorization': 'Splunk ' + input['HEC Token']\n    }\n});\n\nconsole.log( 'eventJSON: ' + input['eventJSON'] );\nconsole.log( 'eventJSON_1: ' + input['eventJSON_1'] );\n\nvar MAX_CHUNKS = parseInt( input['MAX_CHUNKS'] ); // This needs to match the number of eventJSON inputs\n                                                  // There is no way in the code to determine how many\n                                                  // are in the UI. \n\n\nvar eventData = ( input['eventJSON']   ? input['eventJSON']   : '' );\n\nconsole.log( 'pre: eventData: ' + eventData );\n\nfor( var i=1; i<MAX_CHUNKS-1; i++ ) {\n    eventData += ( input['eventJSON_' + i ] ? input['eventJSON_' + i ] : '' );\n}\n\n\nconsole.log( 'eventData:----\\n' + eventData + '\\n-------' );\n\n// Grab the event payload\nvar eventJSON = JSON.parse( eventData );\n\n// Build the Splunk payload and mark it with the sourcetype\nvar data = {\n    \"sourcetype\": input['Source Type'],\n    \"event\":      eventJSON\n};\n\n// Fire in the hole!\nvar response = request.write( data );\n\noutput['Splunk Response'] = response.statusCode;",
    "endpointAuthType": "NO_AUTH",
    "endpointLabel": "Splunk",
    "allowedEnvironment": "BOTH",
    "accessibleByAll": "NotShared",
    "scriptStepType": "USER",
    "inputs": [
      {
        "id": "4dc54089-899a-4200-8dac-80b2be9f0565",
        "name": "HEC Token",
        "helpText": "The token for authenticating into the Splunk HTTP Event Collector",
        "defaultValue": "",
        "multiline": false,
        "required": true,
        "validationRegex": "",
        "maxLength": 2000,
        "minLength": 0,
        "position": 0
      },
      {
        "id": "365f639d-6d7b-49e4-b3e3-d7ebfde39c45",
        "name": "Source Type",
        "helpText": "The name of the Splunk source type for this data.",
        "defaultValue": "xmatters_events",
        "multiline": false,
        "required": true,
        "validationRegex": "",
        "maxLength": 2000,
        "minLength": 0,
        "position": 1
      },
      {
        "id": "c6cd0f65-3262-4c33-bb04-868c7e754e48",
        "name": "eventJSON",
        "helpText": "A string of the JSON response to the GET /event/UUID XMAPI call.",
        "defaultValue": "",
        "multiline": false,
        "required": false,
        "validationRegex": "",
        "maxLength": 20000,
        "minLength": 0,
        "position": 2
      },
      {
        "id": "13b4d805-0aff-4d4f-a2fc-a4d6cced6069",
        "name": "eventJSON_1",
        "helpText": "Overflow for eventJSON",
        "defaultValue": "",
        "multiline": false,
        "required": false,
        "validationRegex": "",
        "maxLength": 20000,
        "minLength": 0,
        "position": 3
      },
      {
        "id": "15e3fe05-8d07-49f7-be9d-001133066d5c",
        "name": "eventJSON_2",
        "helpText": "Overflow for eventJSON",
        "defaultValue": "",
        "multiline": false,
        "required": false,
        "validationRegex": "",
        "maxLength": 20000,
        "minLength": 0,
        "position": 4
      },
      {
        "id": "fd63a129-c078-4e84-85c1-ed6e7313b5dc",
        "name": "eventJSON_3",
        "helpText": "Overflow for eventJSON",
        "defaultValue": "",
        "multiline": false,
        "required": false,
        "validationRegex": "",
        "maxLength": 20000,
        "minLength": 0,
        "position": 5
      },
      {
        "id": "37836c6c-9ec3-4b96-9df2-7fab8a88c6fc",
        "name": "eventJSON_4",
        "helpText": "Overflow for eventJSON",
        "defaultValue": "",
        "multiline": false,
        "required": false,
        "validationRegex": "",
        "maxLength": 20000,
        "minLength": 0,
        "position": 6
      },
      {
        "id": "9a7f68a0-d781-42f1-987e-dc26a2941659",
        "name": "eventJSON_5",
        "helpText": "Overflow for eventJSON",
        "defaultValue": "",
        "multiline": false,
        "required": false,
        "maxLength": 20000,
        "minLength": 0,
        "position": 7
      },
      {
        "id": "9d0474f1-2245-469e-8ef3-1db22464aea6",
        "name": "eventJSON_6",
        "helpText": "Overflow for eventJSON",
        "defaultValue": "",
        "multiline": false,
        "required": false,
        "maxLength": 20000,
        "minLength": 0,
        "position": 8
      },
      {
        "id": "6f39ac30-b4da-4c3e-968b-cd31737ea20e",
        "name": "eventJSON_7",
        "helpText": "Overflow for eventJSON",
        "defaultValue": "",
        "multiline": false,
        "required": false,
        "maxLength": 20000,
        "minLength": 0,
        "position": 9
      },
      {
        "id": "4f6d32c0-0d4f-404b-b3b9-0d715982d7f8",
        "name": "eventJSON_8",
        "helpText": "Overflow for eventJSON",
        "defaultValue": "",
        "multiline": false,
        "required": false,
        "maxLength": 20000,
        "minLength": 0,
        "position": 10
      },
      {
        "id": "2d10394d-061b-4fc3-96bd-d15f7a73e67a",
        "name": "eventJSON_9",
        "helpText": "Overflow for eventJSON",
        "defaultValue": "",
        "multiline": false,
        "required": false,
        "maxLength": 20000,
        "minLength": 0,
        "position": 11
      },
      {
        "id": "de6a1c13-f691-4b9e-b60f-315256c0c3a5",
        "name": "MAX_CHUNKS",
        "helpText": "The number of eventJSON inputs",
        "defaultValue": "10",
        "multiline": false,
        "required": false,
        "maxLength": 2000,
        "minLength": 0,
        "position": 12
      }
    ],
    "outputs": [
      {
        "id": "2dd20cfb-9494-472d-81ba-6c93a5b90ffe",
        "name": "Splunk Response",
        "description": "",
        "position": 0
      }
    ],
    "libraries": []
  },
  {
    "id": "02b075d8-b7ee-4df8-8c7f-3c4d14301df8",
    "name": "xM - Get event details v2",
    "description": "Retrieve the event details via the REST api",
    "icon": "https://s3-xmatters-static.s3.amazonaws.com/null/customers/c7ec6115-b3a8-4568-a32f-bd79a16602fe/IMAGE__20200219003424376__xMatters-Mark-smaller.png",
    "script": "// Build the request object and grab the properties and recipients\nvar request = http.request({ \n     \"endpoint\": \"xMatters\",\n     \"path\": \"/api/xm/1/events/\" + input['eventID'] + \"?embed=properties,recipients,responseOptions,annotations\",\n     \"method\": \"GET\"\n });\n\nvar response = request.write();\n\noutput['statusCode'] = response.statusCode;\noutput['eventJSON']  = JSON.stringify( { \"message\": response.statusMessage } );\n\nconsole.log( 'Attempting audit...' );\n\nif (response.statusCode == 200 ) {\n    json = JSON.parse(response.body);\n    console.log(\"Retrieved event: \" + json.eventId + \". ID = \" + json.id);\n    \n    eventJSON = JSON.parse( response.body );\n\n    // The audits endpoint has a timeline of all responses,\n    // not just the last one. \n    request = http.request({ \n        \"endpoint\": \"xMatters\",\n        \"path\": \"/api/xm/1/audits?eventId=\" + input['eventID'] + \"&auditType=RESPONSE_RECEIVED\",\n        \"method\": \"GET\"\n    });\n\n    response = request.write();\n    if( response.statusCode == 200 ){\n        eventJSON.audits = checkAndFollowLinks( JSON.parse( response.body ) );\n        \n    }\n \n \n    var recip = eventJSON.recipients;\n    eventJSON.recipients = checkAndFollowLinks( eventJSON.recipients );\n    console.log( 'finished recipients' );\n    eventJSON.annotations = checkAndFollowLinks( eventJSON.annotations );\n    //console.log( 'Finished annotations' );\n    \n    output['eventJSON'] = JSON.stringify( eventJSON );\n}\n\n//console.log();\n//console.log( 'eventJSON: ' + output['eventJSON'] );\n//console.log();\n\nconsole.log( 'Do we loop?' );\n\n\nMAX_LENGTH = 20000;                // Stream property max length\nMAX_CHUNKS = input['MAX_CHUNKS'] || 10; // The number of outputs available\n\n// If it is longer than 20k chars we'll need to break it up\nif( output['eventJSON'].length > MAX_LENGTH ) {\n\n    var all = output['eventJSON'];\n\t// If it is longer than MAX_CHUNKS * MAX_LENGTH chars, we bail out\n\tif( output['eventJSON'].length > (MAX_CHUNKS * MAX_LENGTH) ) {\n\t\tvar errStr = \"eventJSON is \" + all.length + \" which is more than \" + (MAX_CHUNKS * MAX_LENGTH) + \". Add more outputs.\";\n\t\tconsole.log( errStr );\n\t\tthrow errStr;\n\t}\n\t\n\toutput['eventJSON'] = all.slice( 0, MAX_LENGTH );\n\n\tvar start = MAX_LENGTH;\n\tvar end   = start + MAX_LENGTH\n\tvar i = 1;\n\twhile( all.slice( start, end ) !== '' ){\n\t\toutput['eventJSON_' + i++ ] = all.slice( start, end );\n\n\t\tstart = end;\n\t\tend   = start + MAX_LENGTH;\n\t}\n}\n\n\n\n\nfunction checkAndFollowLinks( obj ) {\n    \n    //console.log( 'Checking obj: ' + JSON.stringify( obj ) );\n    if( obj && obj.links && !obj.links.next ) \n       return obj;\n    \n    obj.data = obj.data || [];\n    \n    var done = false;\n    stuff = obj;\n    while( !done ) {\n\n        //console.log( 'Getting next: ' + stuff.links.next );\n\n        var req = http.request({ \n            \"endpoint\": \"xMatters\",\n            \"path\": stuff.links.next,\n            \"method\": \"GET\"\n        });\n        \n        var resp = req.write();\n        if( resp.statusCode >= 300 ) {\n            console.log( 'ERRORS!: ' + resp.statusCode );\n            return obj;\n        }\n        \n        stuff = JSON.parse( resp.body );\n        for( var item in stuff.data ) {\n            obj.data.push( stuff.data[item] );\n        }\n\n        if( !stuff.links.next ) \n            return obj;\n    }\n}\n\n\n",
    "endpointAuthType": "XMATTERS",
    "endpointLabel": "xMatters",
    "allowedEnvironment": "HOSTED",
    "accessibleByAll": "NotShared",
    "scriptStepType": "USER",
    "inputs": [
      {
        "id": "195faf38-7e1f-4f80-a7be-45e3b3ded9f6",
        "name": "eventID",
        "helpText": "ID or UUID of the event to retrieve",
        "defaultValue": "",
        "multiline": false,
        "required": true,
        "validationRegex": "",
        "maxLength": 2000,
        "minLength": 0,
        "position": 0
      },
      {
        "id": "108852e4-7a4b-46d7-af19-6e2f554800c2",
        "name": "MAX_CHUNKS",
        "helpText": "The number of eventJSON outputs available.",
        "defaultValue": "10",
        "multiline": false,
        "required": false,
        "maxLength": 2000,
        "minLength": 0,
        "position": 1
      }
    ],
    "outputs": [
      {
        "id": "51447731-3509-40f0-808e-0d9da688e0bb",
        "name": "statusCode",
        "description": "",
        "position": 0
      },
      {
        "id": "2ec12830-377d-406f-99d3-be851f83e0ea",
        "name": "eventJSON",
        "description": "",
        "position": 1
      },
      {
        "id": "d84cd499-7a67-4fa2-b458-63d7b977acaf",
        "name": "eventJSON_1",
        "description": "",
        "position": 2
      },
      {
        "id": "88dbc72c-7ea4-4575-bba3-51b93b96dad2",
        "name": "eventJSON_2",
        "description": "",
        "position": 3
      },
      {
        "id": "4893b631-c1a3-4734-80e3-8273c023ba9c",
        "name": "eventJSON_3",
        "description": "",
        "position": 4
      },
      {
        "id": "b3bde2fb-2167-4f59-9815-9d31a3a7e7cf",
        "name": "eventJSON_4",
        "description": "",
        "position": 5
      },
      {
        "id": "3c6ce5b8-d90e-4270-8e4b-7341103c620d",
        "name": "eventJSON_5",
        "position": 6
      },
      {
        "id": "57fcf74c-8b99-4823-8f54-3b12b718fba1",
        "name": "eventJSON_6",
        "position": 7
      },
      {
        "id": "5bcb6f94-9c0d-4677-b112-c9bf726a2ef9",
        "name": "eventJSON_7",
        "position": 8
      },
      {
        "id": "47a59ee5-6abe-4ff6-8dbd-8a2f2a8d132d",
        "name": "eventJSON_8",
        "position": 9
      },
      {
        "id": "31227fe1-0187-4ea4-b7a9-3dfa199555f3",
        "name": "eventJSON_9",
        "position": 10
      }
    ],
    "libraries": []
  }
]